Wk,Day,Date,Time,Home,xG,Score,xG,Away,Attendance,Venue,Referee,Match Report,Notes
1,Fri,13-08-2021,20:00 (15:00),Brentford,1.3,2–0,1.4,Arsenal,"16,479",Brentford Community Stadium,Michael Oliver,Match Report,
1,Sat,14-08-2021,12:30 (07:30),Manchester Utd,1.5,5–1,0.6,Leeds United,"72,732",Old Trafford,Paul Tierney,Match Report,
1,Sat,14-08-2021,15:00 (10:00),Leicester City,0.8,1–0,1.1,Wolves,"31,983",King Power Stadium,Craig Pawson,Match Report,
1,Sat,14-08-2021,15:00 (10:00),Burnley,1,1–2,1.3,Brighton,"16,910",Turf Moor,David Coote,Match Report,
1,Sat,14-08-2021,15:00 (10:00),Chelsea,0.9,3–0,0.3,Crystal Palace,"38,965",Stamford Bridge,Jonathan Moss,Match Report,
1,Sat,14-08-2021,15:00 (10:00),Watford,1.2,3–2,1.1,Aston Villa,"20,051",Vicarage Road Stadium,Mike Dean,Match Report,
1,Sat,14-08-2021,15:00 (10:00),Everton,2.4,3–1,0.7,Southampton,"38,487",Goodison Park,Andy Madley,Match Report,
1,Sat,14-08-2021,17:30 (12:30),Norwich City,1.4,0–3,2,Liverpool,"27,023",Carrow Road,Andre Marriner,Match Report,
1,Sun,15-08-2021,14:00 (09:00),Newcastle Utd,1.5,2–4,2.3,West Ham,"50,673",St. James' Park,Martin Atkinson,Match Report,
1,Sun,15-08-2021,16:30 (11:30),Tottenham,1.3,1–0,1.9,Manchester City,"58,262",Tottenham Hotspur Stadium,Anthony Taylor,Match Report,
2,Sat,21-08-2021,12:30 (07:30),Liverpool,2.9,2–0,0.7,Burnley,"52,591",Anfield,Mike Dean,Match Report,
2,Sat,21-08-2021,15:00 (10:00),Aston Villa,1.1,2–0,0.7,Newcastle Utd,"41,964",Villa Park,David Coote,Match Report,
2,Sat,21-08-2021,15:00 (10:00),Manchester City,2.7,5–0,0.1,Norwich City,"51,437",Etihad Stadium,Graham Scott,Match Report,
2,Sat,21-08-2021,15:00 (10:00),Leeds United,1.5,2–2,2,Everton,"36,293",Elland Road,Darren England,Match Report,
2,Sat,21-08-2021,15:00 (10:00),Crystal Palace,0.6,0–0,0.9,Brentford,"23,091",Selhurst Park,Martin Atkinson,Match Report,
2,Sat,21-08-2021,17:30 (12:30),Brighton,1.5,2–0,0.9,Watford,"29,485",The American Express Community Stadium,Anthony Taylor,Match Report,
2,Sun,22-08-2021,14:00 (09:00),Wolves,1.4,0–1,1.5,Tottenham,"30,368",Molineux Stadium,Stuart Attwell,Match Report,
2,Sun,22-08-2021,14:00 (09:00),Southampton,0.8,1–1,1.4,Manchester Utd,"32,000",St. Mary's Stadium,Craig Pawson,Match Report,
2,Sun,22-08-2021,16:30 (11:30),Arsenal,0.3,0–2,2.9,Chelsea,"58,729",Emirates Stadium,Paul Tierney,Match Report,
2,Mon,23-08-2021,20:00 (15:00),West Ham,2.5,4–1,0.8,Leicester City,"59,901",London Stadium,Michael Oliver,Match Report,
3,Sat,28-08-2021,12:30 (07:30),Manchester City,3.8,5–0,0.1,Arsenal,"52,276",Etihad Stadium,Martin Atkinson,Match Report,
3,Sat,28-08-2021,15:00 (10:00),Norwich City,1.6,1–2,1.3,Leicester City,"26,765",Carrow Road,Robert Jones,Match Report,
3,Sat,28-08-2021,15:00 (10:00),West Ham,1.2,2–2,0.7,Crystal Palace,"59,751",London Stadium,Stuart Attwell,Match Report,
3,Sat,28-08-2021,15:00 (10:00),Aston Villa,0.6,1–1,1.1,Brentford,"42,045",Villa Park,Peter Bankes,Match Report,
3,Sat,28-08-2021,15:00 (10:00),Newcastle Utd,1.4,2–2,3.6,Southampton,"44,017",St. James' Park,Paul Tierney,Match Report,
3,Sat,28-08-2021,15:00 (10:00),Brighton,1,0–2,1.6,Everton,"30,548",The American Express Community Stadium,Jonathan Moss,Match Report,
3,Sat,28-08-2021,17:30 (12:30),Liverpool,2.6,1–1,0.8,Chelsea,"54,000",Anfield,Anthony Taylor,Match Report,
3,Sun,29-08-2021,14:00 (09:00),Burnley,1.4,1–1,1.5,Leeds United,"20,000",Turf Moor,Michael Oliver,Match Report,
3,Sun,29-08-2021,14:00 (09:00),Tottenham,0.9,1–0,0.6,Watford,"57,672",Tottenham Hotspur Stadium,Andre Marriner,Match Report,
3,Sun,29-08-2021,16:30 (11:30),Wolves,1.8,0–1,0.6,Manchester Utd,"30,621",Molineux Stadium,Mike Dean,Match Report,
4,Sat,11-09-2021,12:30 (07:30),Crystal Palace,2.4,3–0,0.1,Tottenham,"26,000",Selhurst Park,Jonathan Moss,Match Report,
4,Sat,11-09-2021,15:00 (10:00),Watford,0.2,0–2,2.1,Wolves,"20,019",Vicarage Road Stadium,Peter Bankes,Match Report,
4,Sat,11-09-2021,15:00 (10:00),Brentford,0.7,0–1,0.2,Brighton,"16,518",Brentford Community Stadium,Graham Scott,Match Report,
4,Sat,11-09-2021,15:00 (10:00),Arsenal,2.8,1–0,0.6,Norwich City,"58,000",Emirates Stadium,Michael Oliver,Match Report,
4,Sat,11-09-2021,15:00 (10:00),Manchester Utd,2.1,4–1,0.7,Newcastle Utd,"72,732",Old Trafford,Anthony Taylor,Match Report,
4,Sat,11-09-2021,15:00 (10:00),Leicester City,0.8,0–1,2.9,Manchester City,"32,087",King Power Stadium,Paul Tierney,Match Report,
4,Sat,11-09-2021,15:00 (10:00),Southampton,0.8,0–0,0.6,West Ham,"30,000",St. Mary's Stadium,David Coote,Match Report,
4,Sat,11-09-2021,17:30 (12:30),Chelsea,1.1,3–0,1.5,Aston Villa,"39,969",Stamford Bridge,Stuart Attwell,Match Report,
4,Sun,12-09-2021,16:30 (11:30),Leeds United,1.2,0–3,4,Liverpool,"36,507",Elland Road,Craig Pawson,Match Report,
4,Mon,13-09-2021,20:00 (15:00),Everton,1.3,3–1,1.3,Burnley,"30,000",Goodison Park,Martin Atkinson,Match Report,
5,Fri,17-09-2021,20:00 (15:00),Newcastle Utd,1.3,1–1,2,Leeds United,"50,407",St. James' Park,Mike Dean,Match Report,
5,Sat,18-09-2021,12:30 (07:30),Wolves,0.6,0–2,2.5,Brentford,"30,000",Molineux Stadium,Darren England,Match Report,
5,Sat,18-09-2021,15:00 (10:00),Manchester City,1.1,0–0,0.4,Southampton,"52,698",Etihad Stadium,Jonathan Moss,Match Report,
5,Sat,18-09-2021,15:00 (10:00),Liverpool,2.7,3–0,0.8,Crystal Palace,"52,000",Anfield,Andy Madley,Match Report,
5,Sat,18-09-2021,15:00 (10:00),Norwich City,1,1–3,1.8,Watford,"26,649",Carrow Road,Robert Jones,Match Report,
5,Sat,18-09-2021,15:00 (10:00),Burnley,1.3,0–1,1.2,Arsenal,"20,000",Turf Moor,Anthony Taylor,Match Report,
5,Sat,18-09-2021,17:30 (12:30),Aston Villa,1.3,3–0,0.7,Everton,"41,888",Villa Park,Craig Pawson,Match Report,
5,Sun,19-09-2021,14:00 (09:00),West Ham,1.6,1–2,1.8,Manchester Utd,"60,000",London Stadium,Martin Atkinson,Match Report,
5,Sun,19-09-2021,14:00 (09:00),Brighton,1.4,2–1,1.7,Leicester City,"31,078",The American Express Community Stadium,Stuart Attwell,Match Report,
5,Sun,19-09-2021,16:30 (11:30),Tottenham,0.7,0–3,1.9,Chelsea,"60,059",Tottenham Hotspur Stadium,Paul Tierney,Match Report,
6,Sat,25-09-2021,12:30 (07:30),Manchester Utd,2.3,0–1,1.2,Aston Villa,"72,922",Old Trafford,Mike Dean,Match Report,
6,Sat,25-09-2021,12:30 (07:30),Chelsea,0.3,0–1,1.7,Manchester City,"40,036",Stamford Bridge,Michael Oliver,Match Report,
6,Sat,25-09-2021,15:00 (10:00),Leicester City,2.6,2–2,0.7,Burnley,"31,650",King Power Stadium,Chris Kavanagh,Match Report,
6,Sat,25-09-2021,15:00 (10:00),Leeds United,1.3,1–2,1.8,West Ham,"36,417",Elland Road,Kevin Friend,Match Report,
6,Sat,25-09-2021,15:00 (10:00),Watford,1.1,1–1,2.5,Newcastle Utd,"20,650",Vicarage Road Stadium,Jarred Gillett,Match Report,
6,Sat,25-09-2021,15:00 (10:00),Everton,2.1,2–0,0.6,Norwich City,"38,821",Goodison Park,David Coote,Match Report,
6,Sat,25-09-2021,17:30 (12:30),Brentford,1.9,3–3,2.5,Liverpool,"16,876",Brentford Community Stadium,Stuart Attwell,Match Report,
6,Sun,26-09-2021,14:00 (09:00),Southampton,1.2,0–1,1,Wolves,"28,002",St. Mary's Stadium,Andy Madley,Match Report,
6,Sun,26-09-2021,16:30 (11:30),Arsenal,0.8,3–1,1,Tottenham,"59,919",Emirates Stadium,Craig Pawson,Match Report,
6,Mon,27-09-2021,20:00 (15:00),Crystal Palace,1.4,1–1,0.6,Brighton,"22,975",Selhurst Park,Andre Marriner,Match Report,
7,Sat,02-10-2021,12:30 (07:30),Manchester Utd,0.9,1–1,1.1,Everton,"73,128",Old Trafford,Michael Oliver,Match Report,
7,Sat,02-10-2021,15:00 (10:00),Wolves,0.9,2–1,0.6,Newcastle Utd,"30,483",Molineux Stadium,Graham Scott,Match Report,
7,Sat,02-10-2021,15:00 (10:00),Burnley,1,0–0,0.5,Norwich City,"17,427",Turf Moor,Kevin Friend,Match Report,
7,Sat,02-10-2021,15:00 (10:00),Chelsea,3.6,3–1,1.3,Southampton,"40,109",Stamford Bridge,Martin Atkinson,Match Report,
7,Sat,02-10-2021,15:00 (10:00),Leeds United,1.9,1–0,0.2,Watford,"36,261",Elland Road,Simon Hooper,Match Report,
7,Sat,02-10-2021,17:30 (12:30),Brighton,1.4,0–0,0.5,Arsenal,"31,266",The American Express Community Stadium,Jonathan Moss,Match Report,
7,Sun,03-10-2021,14:00 (09:00),Tottenham,1.7,2–1,1.1,Aston Villa,"53,076",Tottenham Hotspur Stadium,Chris Kavanagh,Match Report,
7,Sun,03-10-2021,14:00 (09:00),Crystal Palace,1.3,2–2,1.7,Leicester City,"25,000",Selhurst Park,Anthony Taylor,Match Report,
7,Sun,03-10-2021,14:00 (09:00),West Ham,1.3,1–2,1.2,Brentford,"49,940",London Stadium,Peter Bankes,Match Report,
7,Sun,03-10-2021,16:30 (11:30),Liverpool,1,2–2,1.2,Manchester City,"53,102",Anfield,Paul Tierney,Match Report,
8,Sat,16-10-2021,12:30 (07:30),Watford,0.5,0–5,3.6,Liverpool,"21,085",Vicarage Road Stadium,Jonathan Moss,Match Report,
8,Sat,16-10-2021,15:00 (10:00),Leicester City,3.1,4–2,1.4,Manchester Utd,"32,219",King Power Stadium,Craig Pawson,Match Report,
8,Sat,16-10-2021,15:00 (10:00),Manchester City,1.9,2–0,1,Burnley,"52,711",Etihad Stadium,Martin Atkinson,Match Report,
8,Sat,16-10-2021,15:00 (10:00),Southampton,2.3,1–0,0.2,Leeds United,"30,506",St. Mary's Stadium,David Coote,Match Report,
8,Sat,16-10-2021,15:00 (10:00),Aston Villa,1.1,2–3,2,Wolves,"41,951",Villa Park,Michael Oliver,Match Report,
8,Sat,16-10-2021,15:00 (10:00),Norwich City,1,0–0,0.9,Brighton,"26,777",Carrow Road,Peter Bankes,Match Report,
8,Sat,16-10-2021,17:30 (12:30),Brentford,1.6,0–1,0.3,Chelsea,"16,940",Brentford Community Stadium,Anthony Taylor,Match Report,
8,Sun,17-10-2021,14:00 (09:00),Everton,0.8,0–1,1.5,West Ham,"39,132",Goodison Park,Stuart Attwell,Match Report,
8,Sun,17-10-2021,16:30 (11:30),Newcastle Utd,0.5,2–3,1.6,Tottenham,"52,214",St. James' Park,Andre Marriner,Match Report,
8,Mon,18-10-2021,20:00 (15:00),Arsenal,1.4,2–2,0.9,Crystal Palace,"59,475",Emirates Stadium,Mike Dean,Match Report,
9,Fri,22-10-2021,20:00 (15:00),Arsenal,2.7,3–1,1.4,Aston Villa,"59,496",Emirates Stadium,Craig Pawson,Match Report,
9,Sat,23-10-2021,12:30 (07:30),Chelsea,3.2,7–0,0.2,Norwich City,"40,113",Stamford Bridge,Andy Madley,Match Report,
9,Sat,23-10-2021,15:00 (10:00),Leeds United,1.9,1–1,1,Wolves,"36,475",Elland Road,Robert Jones,Match Report,
9,Sat,23-10-2021,15:00 (10:00),Crystal Palace,1.7,1–1,0.4,Newcastle Utd,"24,609",Selhurst Park,Darren England,Match Report,
9,Sat,23-10-2021,15:00 (10:00),Everton,2.3,2–5,3.2,Watford,"38,834",Goodison Park,Graham Scott,Match Report,
9,Sat,23-10-2021,15:00 (10:00),Southampton,1.6,2–2,0.7,Burnley,"29,145",St. Mary's Stadium,Chris Kavanagh,Match Report,
9,Sat,23-10-2021,17:30 (12:30),Brighton,1.3,1–4,3.9,Manchester City,"31,215",The American Express Community Stadium,Kevin Friend,Match Report,
9,Sun,24-10-2021,14:00 (09:00),West Ham,1.2,1–0,0.7,Tottenham,"59,924",London Stadium,Paul Tierney,Match Report,
9,Sun,24-10-2021,14:00 (09:00),Brentford,1.2,1–2,1.5,Leicester City,"16,814",Brentford Community Stadium,Simon Hooper,Match Report,
9,Sun,24-10-2021,16:30 (11:30),Manchester Utd,1.5,0–5,3.8,Liverpool,"73,088",Old Trafford,Anthony Taylor,Match Report,
10,Sat,30-10-2021,12:30 (07:30),Leicester City,1.2,0–2,0.9,Arsenal,"32,209",King Power Stadium,Michael Oliver,Match Report,
10,Sat,30-10-2021,15:00 (10:00),Newcastle Utd,0.3,0–3,2.1,Chelsea,"52,208",St. James' Park,Paul Tierney,Match Report,
10,Sat,30-10-2021,15:00 (10:00),Liverpool,1.1,2–2,1.1,Brighton,"52,598",Anfield,Mike Dean,Match Report,
10,Sat,30-10-2021,15:00 (10:00),Burnley,2.2,3–1,0.7,Brentford,"18,821",Turf Moor,Jonathan Moss,Match Report,
10,Sat,30-10-2021,15:00 (10:00),Watford,1.2,0–1,2,Southampton,"20,869",Vicarage Road Stadium,Peter Bankes,Match Report,
10,Sat,30-10-2021,15:00 (10:00),Manchester City,1.1,0–2,1.1,Crystal Palace,"53,014",Etihad Stadium,Andre Marriner,Match Report,
10,Sat,30-10-2021,17:30 (12:30),Tottenham,0.7,0–3,1.2,Manchester Utd,"60,356",Tottenham Hotspur Stadium,Stuart Attwell,Match Report,
10,Sun,31-10-2021,14:00 (10:00),Norwich City,0.9,1–2,1,Leeds United,"26,913",Carrow Road,Anthony Taylor,Match Report,
10,Sun,31-10-2021,16:30 (12:30),Aston Villa,0.7,1–4,2.3,West Ham,"41,874",Villa Park,Chris Kavanagh,Match Report,
10,Mon,01-11-2021,20:00 (16:00),Wolves,1.6,2–1,1.5,Everton,"30,617",Molineux Stadium,Martin Atkinson,Match Report,
11,Fri,05-11-2021,20:00 (16:00),Southampton,0.8,1–0,0.6,Aston Villa,"30,178",St. Mary's Stadium,Andy Madley,Match Report,
11,Sat,06-11-2021,12:30 (08:30),Manchester Utd,0.6,0–2,2,Manchester City,"73,086",Old Trafford,Michael Oliver,Match Report,
11,Sat,06-11-2021,15:00 (11:00),Brentford,2.2,1–2,1.4,Norwich City,"16,837",Brentford Community Stadium,Jarred Gillett,Match Report,
11,Sat,06-11-2021,15:00 (11:00),Chelsea,2.2,1–1,1,Burnley,"39,798",Stamford Bridge,Andre Marriner,Match Report,
11,Sat,06-11-2021,15:00 (11:00),Crystal Palace,2,2–0,0.2,Wolves,"24,390",Selhurst Park,Graham Scott,Match Report,
11,Sat,06-11-2021,17:30 (13:30),Brighton,1.6,1–1,0.2,Newcastle Utd,"31,267",The American Express Community Stadium,David Coote,Match Report,
11,Sun,07-11-2021,14:00 (09:00),Everton,0.5,0–0,0.8,Tottenham,"39,059",Goodison Park,Chris Kavanagh,Match Report,
11,Sun,07-11-2021,14:00 (09:00),Leeds United,1.2,1–1,1.1,Leicester City,"36,478",Elland Road,Darren England,Match Report,
11,Sun,07-11-2021,14:00 (09:00),Arsenal,1.7,1–0,0.7,Watford,"59,833",Emirates Stadium,Kevin Friend,Match Report,
11,Sun,07-11-2021,16:30 (11:30),West Ham,1,3–2,1.4,Liverpool,"59,909",London Stadium,Craig Pawson,Match Report,
12,Sat,20-11-2021,12:30 (07:30),Leicester City,0.4,0–3,2.4,Chelsea,"35,497",King Power Stadium,Paul Tierney,Match Report,
12,Sat,20-11-2021,15:00 (10:00),Wolves,1.2,1–0,0.5,West Ham,"30,667",Molineux Stadium,Mike Dean,Match Report,
12,Sat,20-11-2021,15:00 (10:00),Watford,2.2,4–1,1.6,Manchester Utd,"21,087",Vicarage Road Stadium,Jonathan Moss,Match Report,
12,Sat,20-11-2021,15:00 (10:00),Norwich City,0.5,2–1,1.1,Southampton,"26,885",Carrow Road,Martin Atkinson,Match Report,
12,Sat,20-11-2021,15:00 (10:00),Aston Villa,0.6,2–0,0.4,Brighton,"41,925",Villa Park,Anthony Taylor,Match Report,
12,Sat,20-11-2021,15:00 (10:00),Newcastle Utd,1.6,3–3,0.8,Brentford,"52,131",St. James' Park,Robert Jones,Match Report,
12,Sat,20-11-2021,15:00 (10:00),Burnley,1.3,3–3,2,Crystal Palace,"18,028",Turf Moor,Simon Hooper,Match Report,
12,Sat,20-11-2021,17:30 (12:30),Liverpool,4.3,4–0,0.4,Arsenal,"53,092",Anfield,Michael Oliver,Match Report,
12,Sun,21-11-2021,14:00 (09:00),Manchester City,2.3,3–0,0.3,Everton,"52,571",Etihad Stadium,Stuart Attwell,Match Report,
12,Sun,21-11-2021,16:30 (11:30),Tottenham,2,2–1,1.1,Leeds United,"58,989",Tottenham Hotspur Stadium,Andre Marriner,Match Report,
13,Sat,27-11-2021,12:30 (07:30),Arsenal,2,2–0,0.2,Newcastle Utd,"59,886",Emirates Stadium,Stuart Attwell,Match Report,
13,Sat,27-11-2021,15:00 (10:00),Crystal Palace,0.9,1–2,0.4,Aston Villa,"25,203",Selhurst Park,Michael Salisbury,Match Report,
13,Sat,27-11-2021,15:00 (10:00),Liverpool,2.5,4–0,1,Southampton,"53,040",Anfield,Andre Marriner,Match Report,
13,Sat,27-11-2021,15:00 (10:00),Norwich City,1.5,0–0,0.3,Wolves,"26,911",Carrow Road,Simon Hooper,Match Report,
13,Sat,27-11-2021,17:30 (12:30),Brighton,2.1,0–0,0.9,Leeds United,"31,166",The American Express Community Stadium,Craig Pawson,Match Report,
13,Sun,28-11-2021,14:00 (09:00),Brentford,1.2,1–0,0.9,Everton,"16,957",Brentford Community Stadium,Darren England,Match Report,
13,Sun,28-11-2021,14:00 (09:00),Leicester City,2.2,4–2,2.7,Watford,"32,020",King Power Stadium,Andy Madley,Match Report,
13,Sun,28-11-2021,14:00 (09:00),Manchester City,2.1,2–1,0.2,West Ham,"53,245",Etihad Stadium,Michael Oliver,Match Report,
13,Sun,28-11-2021,16:30 (11:30),Chelsea,2.9,1–1,0.7,Manchester Utd,"40,041",Stamford Bridge,Anthony Taylor,Match Report,
13,Wed,23-02-2022,19:30 (14:30),Burnley,1.1,1–0,0.9,Tottenham,"19,488",Turf Moor,Graham Scott,Match Report,
14,Tue,30-11-2021,19:30 (14:30),Newcastle Utd,1.1,1–1,1.4,Norwich City,"50,757",St. James' Park,Andy Madley,Match Report,
14,Tue,30-11-2021,20:15 (15:15),Leeds United,1.7,1–0,1,Crystal Palace,"35,558",Elland Road,Kevin Friend,Match Report,
14,Wed,01-12-2021,19:30 (14:30),Southampton,1.5,2–2,1.5,Leicester City,"26,951",St. Mary's Stadium,Robert Jones,Match Report,
14,Wed,01-12-2021,19:30 (14:30),West Ham,1.6,1–1,1.1,Brighton,"59,626",London Stadium,Chris Kavanagh,Match Report,
14,Wed,01-12-2021,19:30 (14:30),Wolves,0.7,0–0,0.2,Burnley,"30,328",Molineux Stadium,John Brooks,Match Report,
14,Wed,01-12-2021,19:30 (14:30),Watford,1,1–2,1.3,Chelsea,"20,388",Vicarage Road Stadium,David Coote,Match Report,
14,Wed,01-12-2021,20:15 (15:15),Aston Villa,0.9,1–2,0.9,Manchester City,"41,400",Villa Park,Mike Dean,Match Report,
14,Wed,01-12-2021,20:15 (15:15),Everton,0.6,1–4,2.1,Liverpool,"39,641",Goodison Park,Paul Tierney,Match Report,
14,Thu,02-12-2021,19:30 (14:30),Tottenham,2.4,2–0,0.3,Brentford,"54,202",Tottenham Hotspur Stadium,Jonathan Moss,Match Report,
14,Thu,02-12-2021,20:15 (15:15),Manchester Utd,1.9,3–2,1.5,Arsenal,"73,123",Old Trafford,Martin Atkinson,Match Report,
15,Sat,04-12-2021,12:30 (07:30),West Ham,1.8,3–2,1.2,Chelsea,"59,942",London Stadium,Andre Marriner,Match Report,
15,Sat,04-12-2021,15:00 (10:00),Newcastle Utd,1.3,1–0,0.7,Burnley,"51,948",St. James' Park,Paul Tierney,Match Report,
15,Sat,04-12-2021,15:00 (10:00),Southampton,1.4,1–1,1.4,Brighton,"28,706",St. Mary's Stadium,Anthony Taylor,Match Report,
15,Sat,04-12-2021,15:00 (10:00),Wolves,0.2,0–1,2.5,Liverpool,"30,729",Molineux Stadium,Chris Kavanagh,Match Report,
15,Sat,04-12-2021,17:30 (12:30),Watford,0.7,1–3,3.6,Manchester City,"20,673",Vicarage Road Stadium,Simon Hooper,Match Report,
15,Sun,05-12-2021,14:00 (09:00),Leeds United,1.2,2–2,1,Brentford,"35,639",Elland Road,David Coote,Match Report,
15,Sun,05-12-2021,14:00 (09:00),Tottenham,1.7,3–0,1.6,Norwich City,"57,088",Tottenham Hotspur Stadium,Jarred Gillett,Match Report,
15,Sun,05-12-2021,14:00 (09:00),Manchester Utd,1.1,1–0,0.9,Crystal Palace,"73,172",Old Trafford,Craig Pawson,Match Report,
15,Sun,05-12-2021,16:30 (11:30),Aston Villa,2,2–1,1.4,Leicester City,"41,572",Villa Park,Michael Oliver,Match Report,
15,Mon,06-12-2021,20:00 (15:00),Everton,1,2–1,1.2,Arsenal,"38,906",Goodison Park,Mike Dean,Match Report,
16,Fri,10-12-2021,20:00 (15:00),Brentford,1.9,2–1,0.6,Watford,"16,861",Brentford Community Stadium,Michael Oliver,Match Report,
16,Sat,11-12-2021,12:30 (07:30),Manchester City,3.5,1–0,0.2,Wolves,"52,613",Etihad Stadium,Jonathan Moss,Match Report,
16,Sat,11-12-2021,15:00 (10:00),Liverpool,2.5,1–0,0.4,Aston Villa,"53,093",Anfield,Stuart Attwell,Match Report,
16,Sat,11-12-2021,15:00 (10:00),Arsenal,1.5,3–0,0.6,Southampton,"59,653",Emirates Stadium,Jarred Gillett,Match Report,
16,Sat,11-12-2021,15:00 (10:00),Chelsea,2.8,3–2,1.4,Leeds United,"39,959",Stamford Bridge,Chris Kavanagh,Match Report,
16,Sat,11-12-2021,17:30 (12:30),Norwich City,0.9,0–1,2,Manchester Utd,"27,606",Carrow Road,Darren England,Match Report,
16,Sun,12-12-2021,14:00 (09:00),Burnley,0.6,0–0,0.6,West Ham,"18,065",Turf Moor,Graham Scott,Match Report,
16,Sun,12-12-2021,14:00 (09:00),Leicester City,2.5,4–0,0.7,Newcastle Utd,"31,959",King Power Stadium,Peter Bankes,Match Report,
16,Sun,12-12-2021,16:30 (11:30),Crystal Palace,1.6,3–1,1.3,Everton,"24,066",Selhurst Park,Andy Madley,Match Report,
16,Wed,16-03-2022,19:30 (15:30),Brighton,0.7,0–2,2.4,Tottenham,,The American Express Community Stadium,Robert Jones,Match Report,
17,Tue,14-12-2021,19:45 (14:45),Norwich City,0.5,0–2,1.7,Aston Villa,"26,836",Carrow Road,David Coote,Match Report,
17,Tue,14-12-2021,20:00 (15:00),Manchester City,3.6,7–0,0.2,Leeds United,"52,401",Etihad Stadium,Paul Tierney,Match Report,
17,Wed,15-12-2021,19:30 (14:30),Brighton,1.1,0–1,1.3,Wolves,"30,362",The American Express Community Stadium,Tony Harrington,Match Report,
17,Wed,15-12-2021,19:30 (14:30),Crystal Palace,1.2,2–2,0.7,Southampton,"22,861",Selhurst Park,Simon Hooper,Match Report,
17,Wed,15-12-2021,20:00 (15:00),Arsenal,2.7,2–0,0.3,West Ham,"59,777",Emirates Stadium,Anthony Taylor,Match Report,
17,Thu,16-12-2021,19:45 (14:45),Chelsea,2.7,1–1,0.4,Everton,"13,933",Stamford Bridge,Michael Oliver,Match Report,
17,Thu,16-12-2021,20:00 (15:00),Liverpool,2.4,3–1,0.3,Newcastle Utd,"52,951",Anfield,Mike Dean,Match Report,
17,Wed,19-01-2022,19:30 (14:30),Leicester City,1.5,2–3,3.7,Tottenham,"31,986",King Power Stadium,Jonathan Moss,Match Report,
17,Wed,19-01-2022,20:00 (15:00),Brentford,2.2,1–3,2,Manchester Utd,"17,094",Brentford Community Stadium,Andre Marriner,Match Report,
17,Sat,05-02-2022,18:00 (13:00),Burnley,0.8,0–0,1,Watford,"19,527",Turf Moor,Craig Pawson,Match Report,
18,Sat,18-12-2021,17:30 (12:30),Leeds United,1.6,1–4,3.2,Arsenal,"36,166",Elland Road,Andre Marriner,Match Report,
18,Sun,19-12-2021,14:00 (09:00),Wolves,0.3,0–0,0.8,Chelsea,"30,631",Molineux Stadium,David Coote,Match Report,
18,Sun,19-12-2021,14:15 (09:15),Newcastle Utd,0.4,0–4,3.1,Manchester City,"52,127",St. James' Park,Martin Atkinson,Match Report,
18,Sun,19-12-2021,16:30 (11:30),Tottenham,3.4,2–2,1.5,Liverpool,"45,421",Tottenham Hotspur Stadium,Paul Tierney,Match Report,
18,Tue,11-01-2022,19:45 (14:45),Southampton,1.6,4–1,0.7,Brentford,"27,383",St. Mary's Stadium,Stuart Attwell,Match Report,
18,Wed,12-01-2022,19:45 (14:45),West Ham,2.1,2–0,0.3,Norwich City,"59,775",London Stadium,Simon Hooper,Match Report,
18,Tue,15-02-2022,20:15 (15:15),Manchester Utd,2,2–0,0.6,Brighton,"73,012",Old Trafford,Peter Bankes,Match Report,
18,Wed,23-02-2022,19:30 (14:30),Watford,1.1,1–4,0.8,Crystal Palace,"20,012",Vicarage Road Stadium,Andre Marriner,Match Report,
19,Sun,26-12-2021,15:00 (10:00),West Ham,1.7,2–3,1.3,Southampton,"41,027",London Stadium,Kevin Friend,Match Report,
19,Sun,26-12-2021,15:00 (10:00),Manchester City,3.4,6–3,2.4,Leicester City,"53,226",Etihad Stadium,Chris Kavanagh,Match Report,
19,Sun,26-12-2021,15:00 (10:00),Norwich City,0.1,0–5,2.5,Arsenal,"26,940",Carrow Road,Graham Scott,Match Report,
19,Sun,26-12-2021,15:00 (10:00),Tottenham,2.5,3–0,0.2,Crystal Palace,"40,539",Tottenham Hotspur Stadium,Jonathan Moss,Match Report,
19,Sun,26-12-2021,17:30 (12:30),Aston Villa,0.6,1–3,2.8,Chelsea,"41,907",Villa Park,Martin Atkinson,Match Report,
19,Sun,26-12-2021,20:00 (15:00),Brighton,0.9,2–0,0.9,Brentford,"30,141",The American Express Community Stadium,Darren England,Match Report,
19,Mon,27-12-2021,20:00 (15:00),Newcastle Utd,1.1,1–1,1.2,Manchester Utd,"52,178",St. James' Park,Craig Pawson,Match Report,
19,Wed,23-02-2022,19:45 (14:45),Liverpool,5,6–0,0.1,Leeds United,"53,018",Anfield,Michael Oliver,Match Report,
19,Thu,10-03-2022,19:30 (14:30),Wolves,0.9,4–0,0.9,Watford,"29,658",Molineux Stadium,Darren England,Match Report,
20,Tue,28-12-2021,15:00 (10:00),Southampton,0.4,1–1,2.4,Tottenham,"31,304",St. Mary's Stadium,Anthony Taylor,Match Report,
20,Tue,28-12-2021,15:00 (10:00),Crystal Palace,2,3–0,1.2,Norwich City,"24,433",Selhurst Park,Paul Tierney,Match Report,
20,Tue,28-12-2021,15:00 (10:00),Watford,1.1,1–4,2.9,West Ham,"20,073",Vicarage Road Stadium,Darren England,Match Report,
20,Tue,28-12-2021,20:00 (15:00),Leicester City,0.6,1–0,2.5,Liverpool,"32,230",King Power Stadium,Michael Oliver,Match Report,
20,Wed,29-12-2021,19:30 (14:30),Chelsea,1.1,1–1,0.9,Brighton,"40,080",Stamford Bridge,Mike Dean,Match Report,
20,Wed,29-12-2021,20:15 (15:15),Brentford,0.3,0–1,0.8,Manchester City,"17,009",Brentford Community Stadium,David Coote,Match Report,
20,Thu,30-12-2021,20:15 (15:15),Manchester Utd,2,3–1,0.8,Burnley,"73,121",Old Trafford,Jonathan Moss,Match Report,
20,Thu,24-02-2022,19:45 (14:45),Arsenal,2.7,2–1,1,Wolves,"59,888",Emirates Stadium,Martin Atkinson,Match Report,
20,Thu,10-03-2022,19:45 (14:45),Leeds United,0.2,0–3,1.4,Aston Villa,"36,400",Elland Road,Simon Hooper,Match Report,
20,Thu,17-03-2022,19:45 (15:45),Everton,0.5,1–0,1,Newcastle Utd,,Goodison Park,Craig Pawson,Match Report,
21,Sat,01-01-2022,12:30 (07:30),Arsenal,1,1–2,1.8,Manchester City,"59,757",Emirates Stadium,Stuart Attwell,Match Report,
21,Sat,01-01-2022,15:00 (10:00),Watford,0.3,0–1,1.9,Tottenham,"20,391",Vicarage Road Stadium,Robert Jones,Match Report,
21,Sat,01-01-2022,17:30 (12:30),Crystal Palace,2.2,2–3,2,West Ham,"24,351",Selhurst Park,Darren England,Match Report,
21,Sun,02-01-2022,14:00 (09:00),Leeds United,1.3,3–1,0.9,Burnley,"36,083",Elland Road,Paul Tierney,Match Report,
21,Sun,02-01-2022,14:00 (09:00),Brentford,0.5,2–1,1.1,Aston Villa,"16,876",Brentford Community Stadium,Craig Pawson,Match Report,
21,Sun,02-01-2022,14:00 (09:00),Everton,1.6,2–3,1.5,Brighton,"38,203",Goodison Park,John Brooks,Match Report,
21,Sun,02-01-2022,16:30 (11:30),Chelsea,1.3,2–2,1.4,Liverpool,"40,072",Stamford Bridge,Anthony Taylor,Match Report,
21,Mon,03-01-2022,17:30 (12:30),Manchester Utd,0.8,0–1,0.7,Wolves,"73,045",Old Trafford,Mike Dean,Match Report,
21,Thu,10-03-2022,19:30 (14:30),Southampton,1.3,1–2,0.7,Newcastle Utd,"30,056",St. Mary's Stadium,Kevin Friend,Match Report,
22,Fri,14-01-2022,20:00 (15:00),Brighton,2.1,1–1,0.3,Crystal Palace,"30,675",The American Express Community Stadium,Robert Jones,Match Report,
22,Sat,15-01-2022,12:30 (07:30),Manchester City,0.7,1–0,0.5,Chelsea,"53,319",Etihad Stadium,Craig Pawson,Match Report,
22,Sat,15-01-2022,15:00 (10:00),Norwich City,0.7,2–1,0.7,Everton,"26,629",Carrow Road,Andy Madley,Match Report,
22,Sat,15-01-2022,15:00 (10:00),Newcastle Utd,1.4,1–1,1.3,Watford,"52,223",St. James' Park,Paul Tierney,Match Report,
22,Sat,15-01-2022,15:00 (10:00),Wolves,2.1,3–1,1.1,Southampton,"30,057",Molineux Stadium,Michael Salisbury,Match Report,
22,Sat,15-01-2022,17:30 (12:30),Aston Villa,2,2–2,1,Manchester Utd,"41,968",Villa Park,David Coote,Match Report,
22,Sun,16-01-2022,14:00 (09:00),West Ham,2,2–3,2.3,Leeds United,"59,951",London Stadium,Mike Dean,Match Report,
22,Sun,16-01-2022,14:00 (09:00),Liverpool,3.1,3–0,0.5,Brentford,"52,824",Anfield,Jonathan Moss,Match Report,
22,Tue,01-03-2022,19:45 (14:45),Burnley,1,0–2,1.5,Leicester City,"17,825",Turf Moor,Chris Kavanagh,Match Report,
23,Fri,21-01-2022,20:00 (15:00),Watford,1.1,0–3,0.7,Norwich City,"20,782",Vicarage Road Stadium,Mike Dean,Match Report,
23,Sat,22-01-2022,12:30 (07:30),Everton,1.3,0–1,0.6,Aston Villa,"38,203",Goodison Park,Craig Pawson,Match Report,
23,Sat,22-01-2022,15:00 (10:00),Leeds United,1,0–1,1.1,Newcastle Utd,"36,405",Elland Road,Chris Kavanagh,Match Report,
23,Sat,22-01-2022,15:00 (10:00),Manchester Utd,1.8,1–0,0.4,West Ham,"73,130",Old Trafford,Jonathan Moss,Match Report,
23,Sat,22-01-2022,15:00 (10:00),Brentford,1.3,1–2,0.2,Wolves,"16,982",Brentford Community Stadium,Peter Bankes,Match Report,
23,Sat,22-01-2022,17:30 (12:30),Southampton,1.1,1–1,1.6,Manchester City,"31,178",St. Mary's Stadium,Simon Hooper,Match Report,
23,Sun,23-01-2022,14:00 (09:00),Crystal Palace,2.2,1–3,1.7,Liverpool,"25,002",Selhurst Park,Kevin Friend,Match Report,
23,Sun,23-01-2022,14:00 (09:00),Arsenal,1.2,0–0,0.4,Burnley,"59,255",Emirates Stadium,David Coote,Match Report,
23,Sun,23-01-2022,14:00 (09:00),Leicester City,2.2,1–1,1,Brighton,"31,231",King Power Stadium,Martin Atkinson,Match Report,
23,Sun,23-01-2022,16:30 (11:30),Chelsea,0.9,2–0,0.4,Tottenham,"40,020",Stamford Bridge,Paul Tierney,Match Report,
24,Tue,18-01-2022,20:00 (15:00),Brighton,0.6,1–1,0.7,Chelsea,"30,880",The American Express Community Stadium,Kevin Friend,Match Report,
24,Tue,08-02-2022,19:45 (14:45),West Ham,0.7,1–0,0.3,Watford,"59,581",London Stadium,Martin Atkinson,Match Report,
24,Tue,08-02-2022,19:45 (14:45),Newcastle Utd,2.2,3–1,0.6,Everton,"52,186",St. James' Park,Anthony Taylor,Match Report,
24,Tue,08-02-2022,20:00 (15:00),Burnley,0.6,1–1,2.1,Manchester Utd,"21,233",Turf Moor,Mike Dean,Match Report,
24,Wed,09-02-2022,19:45 (14:45),Tottenham,1.5,2–3,2.7,Southampton,"54,012",Tottenham Hotspur Stadium,David Coote,Match Report,
24,Wed,09-02-2022,19:45 (14:45),Norwich City,0.5,1–1,1.1,Crystal Palace,"26,652",Carrow Road,Paul Tierney,Match Report,
24,Wed,09-02-2022,19:45 (14:45),Manchester City,2,2–0,0.7,Brentford,"51,658",Etihad Stadium,Darren England,Match Report,
24,Wed,09-02-2022,20:00 (15:00),Aston Villa,1.8,3–3,1.9,Leeds United,"41,927",Villa Park,Jarred Gillett,Match Report,
24,Thu,10-02-2022,19:45 (14:45),Liverpool,2.6,2–0,0.3,Leicester City,"53,050",Anfield,Chris Kavanagh,Match Report,
24,Thu,10-02-2022,19:45 (14:45),Wolves,0.9,0–1,1.8,Arsenal,"31,523",Molineux Stadium,Michael Oliver,Match Report,
25,Sat,12-02-2022,12:30 (07:30),Manchester Utd,2.1,1–1,1.1,Southampton,"73,084",Old Trafford,Stuart Attwell,Match Report,
25,Sat,12-02-2022,15:00 (10:00),Everton,2.1,3–0,0.3,Leeds United,"39,150",Goodison Park,Graham Scott,Match Report,
25,Sat,12-02-2022,15:00 (10:00),Brentford,1.5,0–0,0.5,Crystal Palace,"16,958",Brentford Community Stadium,Simon Hooper,Match Report,
25,Sat,12-02-2022,15:00 (10:00),Watford,0.5,0–2,1.4,Brighton,"20,795",Vicarage Road Stadium,Jonathan Moss,Match Report,
25,Sat,12-02-2022,17:30 (12:30),Norwich City,0.5,0–4,4.6,Manchester City,"27,010",Carrow Road,Andre Marriner,Match Report,
25,Sun,13-02-2022,14:00 (09:00),Newcastle Utd,0.5,1–0,0.4,Aston Villa,"52,207",St. James' Park,Craig Pawson,Match Report,
25,Sun,13-02-2022,14:00 (09:00),Burnley,0.8,0–1,1.6,Liverpool,"19,563",Turf Moor,Martin Atkinson,Match Report,
25,Sun,13-02-2022,14:00 (09:00),Tottenham,1.4,0–2,1.3,Wolves,"56,452",Tottenham Hotspur Stadium,Kevin Friend,Match Report,
25,Sun,13-02-2022,16:30 (11:30),Leicester City,1.3,2–2,0.6,West Ham,"32,061",King Power Stadium,Michael Oliver,Match Report,
26,Sat,19-02-2022,12:30 (07:30),West Ham,0.6,1–1,0.8,Newcastle Utd,"59,949",London Stadium,Chris Kavanagh,Match Report,
26,Sat,19-02-2022,15:00 (10:00),Aston Villa,1.3,0–1,1.1,Watford,"41,936",Villa Park,Robert Jones,Match Report,
26,Sat,19-02-2022,15:00 (10:00),Arsenal,2,2–1,0.6,Brentford,"59,249",Emirates Stadium,Jonathan Moss,Match Report,
26,Sat,19-02-2022,15:00 (10:00),Southampton,2.2,2–0,0.3,Everton,"31,312",St. Mary's Stadium,Andy Madley,Match Report,
26,Sat,19-02-2022,15:00 (10:00),Liverpool,3,3–1,0.6,Norwich City,"53,135",Anfield,Mike Dean,Match Report,
26,Sat,19-02-2022,15:00 (10:00),Brighton,0.5,0–3,0.8,Burnley,"30,361",The American Express Community Stadium,Kevin Friend,Match Report,
26,Sat,19-02-2022,15:00 (10:00),Crystal Palace,0.6,0–1,1.2,Chelsea,"25,109",Selhurst Park,David Coote,Match Report,
26,Sat,19-02-2022,17:30 (12:30),Manchester City,2.2,2–3,1.8,Tottenham,"53,201",Etihad Stadium,Anthony Taylor,Match Report,
26,Sun,20-02-2022,14:00 (09:00),Leeds United,1.5,2–4,2.7,Manchester Utd,"36,715",Elland Road,Paul Tierney,Match Report,
26,Sun,20-02-2022,16:30 (11:30),Wolves,0.7,2–1,1.6,Leicester City,"31,587",Molineux Stadium,Craig Pawson,Match Report,
27,Fri,25-02-2022,20:00 (15:00),Southampton,2.8,2–0,0.6,Norwich City,"31,182",St. Mary's Stadium,Simon Hooper,Match Report,
27,Sat,26-02-2022,12:30 (07:30),Leeds United,1.5,0–4,2.4,Tottenham,"36,599",Elland Road,Craig Pawson,Match Report,
27,Sat,26-02-2022,15:00 (10:00),Crystal Palace,0.9,1–1,0.2,Burnley,"24,203",Selhurst Park,Jonathan Moss,Match Report,
27,Sat,26-02-2022,15:00 (10:00),Manchester Utd,2.9,0–0,0.5,Watford,"73,152",Old Trafford,Kevin Friend,Match Report,
27,Sat,26-02-2022,15:00 (10:00),Brighton,0.6,0–2,1.2,Aston Villa,"31,475",The American Express Community Stadium,John Brooks,Match Report,
27,Sat,26-02-2022,15:00 (10:00),Brentford,0.4,0–2,2.6,Newcastle Utd,"17,039",Brentford Community Stadium,Mike Dean,Match Report,
27,Sat,26-02-2022,17:30 (12:30),Everton,0.8,0–1,1.6,Manchester City,"39,105",Goodison Park,Paul Tierney,Match Report,
27,Sun,27-02-2022,14:00 (09:00),West Ham,1.9,1–0,0.8,Wolves,"59,946",London Stadium,Anthony Taylor,Match Report,
27,Wed,16-03-2022,20:15 (16:15),Arsenal,0.5,0–2,0.8,Liverpool,"59,968",Emirates Stadium,Andre Marriner,Match Report,
28,Sat,05-03-2022,12:30 (07:30),Leicester City,0.5,1–0,1.9,Leeds United,"32,236",King Power Stadium,David Coote,Match Report,
28,Sat,05-03-2022,15:00 (10:00),Newcastle Utd,1.6,2–1,1.3,Brighton,"52,214",St. James' Park,Martin Atkinson,Match Report,
28,Sat,05-03-2022,15:00 (10:00),Aston Villa,2.9,4–0,0.7,Southampton,"41,855",Villa Park,Peter Bankes,Match Report,
28,Sat,05-03-2022,15:00 (10:00),Burnley,0.8,0–4,2.1,Chelsea,"19,439",Turf Moor,Andre Marriner,Match Report,
28,Sat,05-03-2022,15:00 (10:00),Wolves,0.6,0–2,2.6,Crystal Palace,"31,395",Molineux Stadium,Andy Madley,Match Report,
28,Sat,05-03-2022,15:00 (10:00),Norwich City,1.4,1–3,2.1,Brentford,"26,887",Carrow Road,Anthony Taylor,Match Report,
28,Sat,05-03-2022,17:30 (12:30),Liverpool,2.5,1–0,1.5,West Ham,"59,925",Anfield,Jonathan Moss,Match Report,
28,Sun,06-03-2022,14:00 (09:00),Watford,1.4,2–3,1.4,Arsenal,"21,142",Vicarage Road Stadium,Craig Pawson,Match Report,
28,Sun,06-03-2022,16:30 (11:30),Manchester City,2.7,4–1,0.5,Manchester Utd,"53,165",Etihad Stadium,Michael Oliver,Match Report,
28,Mon,07-03-2022,20:00 (15:00),Tottenham,3,5–0,0.2,Everton,"59,647",Tottenham Hotspur Stadium,Stuart Attwell,Match Report,
29,Sat,12-03-2022,12:30 (07:30),Brighton,0.6,0–2,2.3,Liverpool,"31,474",The American Express Community Stadium,Mike Dean,Match Report,
29,Sat,12-03-2022,15:00 (10:00),Brentford,1.8,2–0,0.7,Burnley,"17,088",Brentford Community Stadium,Paul Tierney,Match Report,
29,Sat,12-03-2022,17:30 (12:30),Manchester Utd,1.1,3–2,1.3,Tottenham,"73,458",Old Trafford,Jonathan Moss,Match Report,
29,Sun,13-03-2022,14:00 (10:00),Chelsea,0.8,1–0,0.2,Newcastle Utd,"40,026",Stamford Bridge,David Coote,Match Report,
29,Sun,13-03-2022,14:00 (10:00),Southampton,1.3,1–2,1.6,Watford,"28,863",St. Mary's Stadium,Graham Scott,Match Report,
29,Sun,13-03-2022,14:00 (10:00),West Ham,1.2,2–1,1.1,Aston Villa,"59,957",London Stadium,Jarred Gillett,Match Report,
29,Sun,13-03-2022,14:00 (10:00),Everton,0.5,0–1,0.9,Wolves,"39,112",Goodison Park,Michael Oliver,Match Report,
29,Sun,13-03-2022,14:00 (10:00),Leeds United,2.7,2–1,1.2,Norwich City,"36,321",Elland Road,Stuart Attwell,Match Report,
29,Sun,13-03-2022,16:30 (12:30),Arsenal,2.3,2–0,0.3,Leicester City,"60,111",Emirates Stadium,Anthony Taylor,Match Report,
29,Mon,14-03-2022,20:00 (16:00),Crystal Palace,0.8,0–0,2.3,Manchester City,"25,309",Selhurst Park,Martin Atkinson,Match Report,
30,Thu,10-03-2022,19:30 (14:30),Norwich City,1,1–3,1.8,Chelsea,"26,684",Carrow Road,Martin Atkinson,Match Report,
30,Fri,18-03-2022,20:00 (16:00),Wolves,0.8,2–3,2.2,Leeds United,"31,842",Molineux Stadium,Kevin Friend,Match Report,
30,Sat,19-03-2022,12:30 (08:30),Aston Villa,0.4,0–1,1.4,Arsenal,"41,956",Villa Park,Andy Madley,Match Report,
30,Sun,20-03-2022,14:00 (10:00),Leicester City,1.3,2–1,1.3,Brentford,"31,830",King Power Stadium,Darren England,Match Report,
30,Sun,20-03-2022,16:30 (12:30),Tottenham,2.4,3–1,0.6,West Ham,"58,685",Tottenham Hotspur Stadium,Anthony Taylor,Match Report,
